Metric,Value
accuracy,0.7494677075940384
roc_auc,0.8448164509545585
f1,0.6349534643226473
pr_auc,0.6531130199599349
