,accuracy,roc_auc,f1,pr_auc
lr,0.7494677075940384,0.8448164509545585,0.6349534643226473,0.6531130199599349
rf,0.7622427253371186,0.8402516210700353,0.6338797814207651,0.633763303754672
xgb,0.7579843860894251,0.8482588028623834,0.6376195536663124,0.6556997728018897
stack,0.794180269694819,0.8490841923066987,0.5938375350140056,0.6572128952162886
voting,0.7572746628814763,0.8489886073006276,0.6314655172413793,0.6527643049296709
