Metric,Value
accuracy,0.7622427253371186
roc_auc,0.8402516210700353
f1,0.6338797814207651
pr_auc,0.633763303754672
