Metric,Value
accuracy,0.794180269694819
roc_auc,0.8490841923066987
f1,0.5938375350140056
pr_auc,0.6572128952162886
