Metric,Value
accuracy,0.7572746628814763
roc_auc,0.8489886073006276
f1,0.6314655172413793
pr_auc,0.6527643049296709
