Metric,Value
accuracy,0.7579843860894251
roc_auc,0.8482588028623834
f1,0.6376195536663124
pr_auc,0.6556997728018897
